{"Time to generate LTS":{"0":0.027108213,"1":0.025754847,"2":0.029354741,"3":0.025349711,"4":0.025069291,"5":0.025869191,"6":0.025921019,"7":0.025818459,"8":0.023213194,"9":0.024406137,"10":0.025313065,"11":0.029194179,"12":0.023881226,"13":0.025861008,"14":0.024593669,"15":0.026419873,"16":0.024945385,"17":0.031070557,"18":0.025744559,"19":0.023685735,"20":0.024942714,"21":0.024305558,"22":0.026069336,"23":0.027440937,"24":0.027888571,"25":0.026294573,"26":0.03541641,"27":0.024061445,"28":0.032806222,"29":0.031678165,"30":0.025506266,"31":0.023929256},"LTS parsing time":{"0":0.230751316,"1":0.236634687,"2":0.23279811,"3":0.236876464,"4":0.275745741,"5":0.239568491,"6":0.249960694,"7":0.259565355,"8":0.228542694,"9":0.268736618,"10":0.232304024,"11":0.231075264,"12":0.227194554,"13":0.23251608,"14":0.281756218,"15":0.23997607,"16":0.238521187,"17":0.227941222,"18":0.231500021,"19":0.263075541,"20":0.237103218,"21":0.233128224,"22":0.256264474,"23":0.289782047,"24":0.283214744,"25":0.262786342,"26":0.237937389,"27":0.235685346,"28":0.224284414,"29":0.275418444,"30":0.231369296,"31":0.230881917},"Number of nodes":{"0":99,"1":99,"2":99,"3":99,"4":99,"5":99,"6":93,"7":93,"8":96,"9":96,"10":93,"11":93,"12":93,"13":96,"14":96,"15":93,"16":96,"17":96,"18":96,"19":93,"20":93,"21":93,"22":96,"23":96,"24":93,"25":93,"26":93,"27":96,"28":96,"29":93,"30":96,"31":96},"Number of transitions":{"0":204,"1":204,"2":204,"3":204,"4":204,"5":204,"6":192,"7":192,"8":198,"9":198,"10":192,"11":192,"12":192,"13":198,"14":198,"15":192,"16":198,"17":198,"18":198,"19":192,"20":192,"21":192,"22":198,"23":198,"24":192,"25":192,"26":192,"27":198,"28":198,"29":192,"30":198,"31":198},"CUT":{"0":"Customer","1":"Customer","2":"Customer","3":"Customer","4":"Customer","5":"Customer","6":"Ship","7":"Ship","8":"Ship","9":"Ship","10":"Ship","11":"Ship","12":"Ship","13":"Ship","14":"Ship","15":"Ship","16":"Ship","17":"Ship","18":"Provider","19":"Provider","20":"Truck","21":"Truck","22":"Truck","23":"Truck","24":"Truck","25":"Truck","26":"Truck","27":"Truck","28":"Truck","29":"Truck","30":"Truck","31":"Truck"},"Time to check compliance":{"0":0.02406924,"1":0.024955505,"2":0.033621822,"3":0.031935919,"4":0.030919777,"5":0.024609289,"6":0.025589478,"7":0.021667317,"8":0.022432898,"9":0.02307433,"10":0.028113256,"11":0.023264885,"12":0.02704094,"13":0.022423194,"14":0.021502275,"15":0.027940283,"16":0.024545216,"17":0.028568479,"18":0.02316591,"19":0.023049853,"20":0.032465389,"21":0.027474521,"22":0.0248731,"23":0.030805184,"24":0.030689287,"25":0.032978039,"26":0.024554522,"27":0.027352425,"28":0.03935905,"29":0.023357918,"30":0.023934187,"31":0.027467122},"Failing configuration":{"0":"['qe31*qe41__qe31*qe410__qe410*qe41__qe410*qe410____, qe31*qe410____, qe2__qe2*qe1____, qe3____']","1":"['qe31*qe41__qe31*qe410__qe410*qe41__qe410*qe410____, qe31*qe410____, qe2__qe2*qe1____, qe3____']","2":"['qe31*qe41__qe31*qe410__qe410*qe41__qe410*qe410____, qe31*qe410____, qe2__qe2*qe1____, qe3____']","3":"['qe31*qe41__qe31*qe410__qe410*qe41__qe410*qe410____, qe31*qe410____, qe2__qe2*qe1____, qe3____']","4":"['qe31*qe41__qe31*qe410__qe410*qe41__qe410*qe410____, qe31*qe410____, qe2__qe2*qe1____, qe3____']","5":"['qe31*qe41__qe31*qe410__qe410*qe41__qe410*qe410____, qe31*qe410____, qe2__qe2*qe1____, qe3____']","6":"['qe31*qe41__qe31*qe410__qe410*qe41__qe410*qe410____, qe31*qe410____, qe2__qe2*qe1____, qe3____']","7":"['qe31*qe41__qe31*qe410__qe410*qe41__qe410*qe410____, qe31*qe410____, qe2__qe2*qe1____, qe3____']","8":"['qe31*qe41__qe31*qe410__qe410*qe41__qe410*qe410____, qe31*qe410____, qe2__qe2*qe1____, qe3____']","9":"['qe31*qe41__qe31*qe410__qe410*qe41__qe410*qe410____, qe31*qe410____, qe2__qe2*qe1____, qe3____']","10":"['qe31*qe41__qe31*qe410__qe410*qe41__qe410*qe410____, qe31*qe410____, qe2__qe2*qe1____, qe3____']","11":"['qe31*qe41__qe31*qe410__qe410*qe41__qe410*qe410____, qe31*qe410____, qe2__qe2*qe1____, qe3____']","12":"['qe31*qe41__qe31*qe410__qe410*qe41__qe410*qe410____, qe31*qe410____, qe2__qe2*qe1____, qe3____']","13":"['qe31*qe41__qe31*qe410__qe410*qe41__qe410*qe410____, qe31*qe410____, qe2__qe2*qe1____, qe3____']","14":"['qe31*qe41__qe31*qe410__qe410*qe41__qe410*qe410____, qe31*qe410____, qe2__qe2*qe1____, qe3____']","15":"['qe31*qe41__qe31*qe410__qe410*qe41__qe410*qe410____, qe31*qe410____, qe2__qe2*qe1____, qe3____']","16":"['qe31*qe41__qe31*qe410__qe410*qe41__qe410*qe410____, qe31*qe410____, qe2__qe2*qe1____, qe3____']","17":"['qe31*qe41__qe31*qe410__qe410*qe41__qe410*qe410____, qe31*qe410____, qe2__qe2*qe1____, qe3____']","18":"['qe31*qe41__qe31*qe410__qe410*qe41__qe410*qe410____, qe31*qe410____, qe2__qe2*qe1____, qe3____']","19":"['qe31*qe41__qe31*qe410__qe410*qe41__qe410*qe410____, qe31*qe410____, qe2__qe2*qe1____, qe3____']","20":"['qe31*qe41__qe31*qe410__qe410*qe41__qe410*qe410____, qe31*qe410____, qe2__qe2*qe1____, qe3____']","21":"['qe31*qe41__qe31*qe410__qe410*qe41__qe410*qe410____, qe31*qe410____, qe2__qe2*qe1____, qe3____']","22":"['qe31*qe41__qe31*qe410__qe410*qe41__qe410*qe410____, qe31*qe410____, qe2__qe2*qe1____, qe3____']","23":"['qe31*qe41__qe31*qe410__qe410*qe41__qe410*qe410____, qe31*qe410____, qe2__qe2*qe1____, qe3____']","24":"['qe31*qe41__qe31*qe410__qe410*qe41__qe410*qe410____, qe31*qe410____, qe2__qe2*qe1____, qe3____']","25":"['qe31*qe41__qe31*qe410__qe410*qe41__qe410*qe410____, qe31*qe410____, qe2__qe2*qe1____, qe3____']","26":"['qe31*qe41__qe31*qe410__qe410*qe41__qe410*qe410____, qe31*qe410____, qe2__qe2*qe1____, qe3____']","27":"['qe31*qe41__qe31*qe410__qe410*qe41__qe410*qe410____, qe31*qe410____, qe2__qe2*qe1____, qe3____']","28":"['qe31*qe41__qe31*qe410__qe410*qe41__qe410*qe410____, qe31*qe410____, qe2__qe2*qe1____, qe3____']","29":"['qe31*qe41__qe31*qe410__qe410*qe41__qe410*qe410____, qe31*qe410____, qe2__qe2*qe1____, qe3____']","30":"['qe31*qe41__qe31*qe410__qe410*qe41__qe410*qe410____, qe31*qe410____, qe2__qe2*qe1____, qe3____']","31":"['qe31*qe41__qe31*qe410__qe410*qe41__qe410*qe410____, qe31*qe410____, qe2__qe2*qe1____, qe3____']"},"Path":{"0":"scripts\/jlamp2021\/shipping\/fsa\/shipping_tests\/Customer\/test_0__shipping_01_faulty_provider\/test_0__shipping_01_faulty_provider_ts5.dot","1":"scripts\/jlamp2021\/shipping\/fsa\/shipping_tests\/Customer\/test_4__shipping_01_faulty_provider\/test_4__shipping_01_faulty_provider_ts5.dot","2":"scripts\/jlamp2021\/shipping\/fsa\/shipping_tests\/Customer\/test_3__shipping_01_faulty_provider\/test_3__shipping_01_faulty_provider_ts5.dot","3":"scripts\/jlamp2021\/shipping\/fsa\/shipping_tests\/Customer\/test_1__shipping_01_faulty_provider\/test_1__shipping_01_faulty_provider_ts5.dot","4":"scripts\/jlamp2021\/shipping\/fsa\/shipping_tests\/Customer\/test_2__shipping_01_faulty_provider\/test_2__shipping_01_faulty_provider_ts5.dot","5":"scripts\/jlamp2021\/shipping\/fsa\/shipping_tests\/Customer\/test_5__shipping_01_faulty_provider\/test_5__shipping_01_faulty_provider_ts5.dot","6":"scripts\/jlamp2021\/shipping\/fsa\/shipping_tests\/Ship\/test_7__shipping_01_faulty_provider\/test_7__shipping_01_faulty_provider_ts5.dot","7":"scripts\/jlamp2021\/shipping\/fsa\/shipping_tests\/Ship\/test_8__shipping_01_faulty_provider\/test_8__shipping_01_faulty_provider_ts5.dot","8":"scripts\/jlamp2021\/shipping\/fsa\/shipping_tests\/Ship\/test_0__shipping_01_faulty_provider\/test_0__shipping_01_faulty_provider_ts5.dot","9":"scripts\/jlamp2021\/shipping\/fsa\/shipping_tests\/Ship\/test_4__shipping_01_faulty_provider\/test_4__shipping_01_faulty_provider_ts5.dot","10":"scripts\/jlamp2021\/shipping\/fsa\/shipping_tests\/Ship\/test_11__shipping_01_faulty_provider\/test_11__shipping_01_faulty_provider_ts5.dot","11":"scripts\/jlamp2021\/shipping\/fsa\/shipping_tests\/Ship\/test_10__shipping_01_faulty_provider\/test_10__shipping_01_faulty_provider_ts5.dot","12":"scripts\/jlamp2021\/shipping\/fsa\/shipping_tests\/Ship\/test_6__shipping_01_faulty_provider\/test_6__shipping_01_faulty_provider_ts5.dot",