{"Time to generate LTS":{"0":0.02960934,"1":0.024020909,"2":0.022150188,"3":0.02759419,"4":0.029975231,"5":0.034363663,"6":0.020133173,"7":0.024557679,"8":0.026751517,"9":0.022457541,"10":0.022394172,"11":0.026215019,"12":0.022637051,"13":0.024241489,"14":0.021088071,"15":0.023764974,"16":0.024222475,"17":0.019613101,"18":0.025314137,"19":0.028016629,"20":0.025878731,"21":0.024060435,"22":0.022049958,"23":0.022916357,"24":0.023841538,"25":0.018359894,"26":0.018819135,"27":0.025097992,"28":0.022938358,"29":0.022801184,"30":0.02346427,"31":0.023529226},"LTS parsing time":{"0":0.27302221,"1":0.227588109,"2":0.253003374,"3":0.232756593,"4":0.211642811,"5":0.236445603,"6":0.214057011,"7":0.229486265,"8":0.266078554,"9":0.223415477,"10":0.226143352,"11":0.214986094,"12":0.214976814,"13":0.255680002,"14":0.226694005,"15":0.212106776,"16":0.216624876,"17":0.225709966,"18":0.395122388,"19":0.33423809,"20":0.219337113,"21":0.208832445,"22":0.27307563,"23":0.226854622,"24":0.227446769,"25":0.218364114,"26":0.218799694,"27":0.228760797,"28":0.258776095,"29":0.218469272,"30":0.207611059,"31":0.224549972},"Number of nodes":{"0":82,"1":91,"2":84,"3":89,"4":84,"5":91,"6":84,"7":79,"8":80,"9":89,"10":86,"11":86,"12":77,"13":81,"14":87,"15":79,"16":81,"17":89,"18":181,"19":174,"20":84,"21":79,"22":80,"23":89,"24":86,"25":86,"26":77,"27":81,"28":87,"29":79,"30":81,"31":89},"Number of transitions":{"0":173,"1":197,"2":169,"3":194,"4":169,"5":197,"6":184,"7":159,"8":169,"9":193,"10":187,"11":187,"12":163,"13":163,"14":190,"15":159,"16":163,"17":193,"18":427,"19":411,"20":184,"21":159,"22":169,"23":193,"24":187,"25":187,"26":163,"27":163,"28":190,"29":159,"30":163,"31":193},"CUT":{"0":"Customer","1":"Customer","2":"Customer","3":"Customer","4":"Customer","5":"Customer","6":"Ship","7":"Ship","8":"Ship","9":"Ship","10":"Ship","11":"Ship","12":"Ship","13":"Ship","14":"Ship","15":"Ship","16":"Ship","17":"Ship","18":"Provider","19":"Provider","20":"Truck","21":"Truck","22":"Truck","23":"Truck","24":"Truck","25":"Truck","26":"Truck","27":"Truck","28":"Truck","29":"Truck","30":"Truck","31":"Truck"},"Time to check compliance":{"0":0.036653375,"1":0.040075328,"2":0.036380823,"3":0.037043618,"4":0.045635634,"5":0.043799603,"6":0.036470211,"7":0.034911796,"8":0.036161353,"9":0.042952156,"10":0.039612171,"11":0.036793028,"12":0.031503287,"13":0.038708476,"14":0.039800249,"15":0.033991488,"16":0.035851248,"17":0.03735912,"18":0.091228882,"19":0.089845926,"20":0.036195723,"21":0.034907102,"22":0.04074296,"23":0.046558204,"24":0.036533212,"25":0.042071495,"26":0.040589089,"27":0.0511721,"28":0.034745093,"29":0.039777773,"30":0.058031195,"31":0.046203084},"Failing configuration":{"0":"None","1":"None","2":"None","3":"None","4":"None","5":"None","6":"None","7":"None","8":"None","9":"None","10":"None","11":"None","12":"None","13":"None","14":"None","15":"None","16":"None","17":"None","18":"None","19":"None","20":"None","21":"None","22":"None","23":"None","24":"None","25":"None","26":"None","27":"None","28":"None","29":"None","30":"None","31":"None"},"Path":{"0":"scripts\/jlamp2021\/shipping\/fsa\/shipping_tests\/Customer\/test_0\/test_0_ts5.dot","1":"scripts\/jlamp2021\/shipping\/fsa\/shipping_tests\/Customer\/test_4\/test_4_ts5.dot","2":"scripts\/jlamp2021\/shipping\/fsa\/shipping_tests\/Customer\/test_3\/test_3_ts5.dot","3":"scripts\/jlamp2021\/shipping\/fsa\/shipping_tests\/Customer\/test_1\/test_1_ts5.dot","4":"scripts\/jlamp2021\/shipping\/fsa\/shipping_tests\/Customer\/test_2\/test_2_ts5.dot","5":"scripts\/jlamp2021\/shipping\/fsa\/shipping_tests\/Customer\/test_5\/test_5_ts5.dot","6":"scripts\/jlamp2021\/shipping\/fsa\/shipping_tests\/Ship\/test_7\/test_7_ts5.dot","7":"scripts\/jlamp2021\/shipping\/fsa\/shipping_tests\/Ship\/test_8\/test_8_ts5.dot","8":"scripts\/jlamp2021\/shipping\/fsa\/shipping_tests\/Ship\/test_0\/test_0_ts5.dot","9":"scripts\/jlamp2021\/shipping\/fsa\/shipping_tests\/Ship\/test_4\/test_4_ts5.dot","10":"scripts\/jlamp2021\/shipping\/fsa\/shipping_tests\/Ship\/test_11\/test_11_ts5.dot","11":"scripts\/jlamp2021\/shipping\/fsa\/shipping_tests\/Ship\/test_10\/test_10_ts5.dot","12":"scripts\/jlamp2021\/shipping\/fsa\/shipping_tests\/Ship\/test_6\/test_6_ts5.dot","13":"scripts\/jlamp2021\/shipping\/fsa\/shipping_tests\/Ship\/test_3\/test_3_ts5.dot","14":"scripts\/jlamp2021\/shipping\/fsa\/shipping_tests\/Ship\/test_1\/test_1_ts5.dot","15":"scripts\/jlamp2021\/shipping\/fsa\/shipping_tests\/Ship\/test_9\/test_9_ts5.dot","16":"scripts\/jlamp2021\/shipping\/fsa\/shipping_tests\/Ship\/test_2\/test_2_ts5.dot","17":"scripts\/jlamp2021\/shipping\/fsa\/shipping_tests\/Ship\/test_5\/test_5_ts5.dot","18":"scripts\/jlamp2021\/shipping\/fsa\/shipping_tests\/Provider\/test_0\/test_0_ts5.dot","19":"scripts\/jlamp2021\/shipping\/fsa\/shipping_tests\/Provider\/test_1\/test_1_ts5.dot","20":"scripts\/jlamp2021\/shipping\/fsa\/shipping_tests\/Truck\/test_7\/test_7_ts5.dot","21":"scripts\/jlamp2021\/shipping\/fsa\/shipping_tests\/Truck\/test_8\/test_8_ts5.dot","22":"scripts\/jlamp2021\/shipping\/fsa\/shipping_tests\/Truck\/test_0\/test_0_ts5.dot","23":"scripts\/jlamp2021\/shipping\/fsa\/shipping_tests\/Truck\/test_4\/test_4_ts5.dot","24":"scripts\/jlamp2021\/shipping\/fsa\/shipping_tests\/Truck\/test_11\/test_11_ts5.dot","25":"scripts\/jlamp2021\/shipping\/fsa\/shipping_tests\/Truck\/test_10\/test_10_ts5.dot","26":"scripts\/jlamp2021\/shipping\/fsa\/shipping_tests\/Truck\/test_6\/test_6_ts5.dot","27":"scripts\/jlamp2021\/shipping\/fsa\/shipping_tests\/Truck\/test_3\/test_3_ts5.dot","28":"scripts\/jlamp2021\/shipping\/fsa\/shipping_tests\/Truck\/test_1\/test_1_ts5.dot","29":"scripts\/jlamp2021\/shipping\/fsa\/shipping_tests\/Truck\/test_9\/test_9_ts5.dot","30":"scripts\/jlamp2021\/shipping\/fsa\/shipping_tests\/Truck\/test_2\/test_2_ts5.dot","31":"scripts\/jlamp2021\/shipping\/fsa\/shipping_tests\/Truck\/test_5\/test_5_ts5.dot"},"Pass":{"0":true,"1":true,"2":true,"3":true,"4":true,"5":true,"6":true,"7":true,"8":true,"9":true,"10":true,"11":true,"12":true,"13":true,"14":true,"15":true,"16":true,"17":true,"18":true,"19":true,"20":true,"21":true,"22":true,"23":true,"24":true,"25":true,"26":true,"27":true,"28":true,"29":true,"30":true,"31":true}}